Policy,Utility,Lower Bound,Upper Bound
"(1, 3, 2, -1, 1, nan, 3, -1, 0, 3, 3, 1)","[-0.04, -0.04, -0.04, 1.0, -0.071968, 0.0, -0.071968, -1.0, -0.0975168256, -0.11793544701952, -0.14144361245800038, -0.2529417350764339]",1.1326092221063386,3.4919708565496754
"(1, 3, 3, -1, 2, nan, 1, -1, 1, 3, 3, 3)","[-0.04, -0.04, -0.043996, 1.0, -0.043996, 0.0, -0.0443952004, -1.0, -0.07516160320000001, -0.04, -0.04443508051996, -0.17541251635155206]",1.1273573995677215,1.6247291544142848
"(3, 2, 0, -1, 2, nan, 2, -1, 2, 0, 2, 2)","[-0.04, -0.04, -0.04, 1.0, -0.04, 0.0, -0.043996, -1.0, -0.043996, -0.04, -0.0443952004, -0.1399]",0.6616086513530011,0.7506980292086406
"(0, 3, 1, -1, 3, nan, 2, -1, 2, 3, 3, 1)","[-0.04, -0.043996, -0.0443952004, 1.0, -0.04, 0.0, -0.04, -1.0, -0.04, -0.043996, -0.0443952004, -0.04443508051996]",1.2771945487934544,1.3196227346655376
"(2, 1, 3, -1, 1, nan, 2, -1, 3, 1, 0, 2)","[-0.04, -0.04, -0.071968, 1.0, -0.043996, 0.0, -0.04, -1.0, -0.04, -0.04, -0.043996, -0.17506160320000003]",2.3731942929269656,3.119671313440758
"(1, 3, 3, -1, 2, nan, 1, -1, 0, 2, 2, 0)","[-0.04, -0.071968, -0.04, 1.0, -0.043996, 0.0, -0.04, -1.0, -0.0443952004, -0.07548064415968, -0.07950851635155204, -0.04794290078352005]",1.4637616724474638,1.8942264113045653
"(3, 3, 0, -1, 1, nan, 1, -1, 3, 0, 1, 2)","[-0.04, -0.04, -0.04, 1.0, -0.04, 0.0, -0.043996, -1.0, -0.071968, -0.0471896032, -0.04471424135968, -0.8436669527118321]",1.4959198476590108,1.6632281594649942
"(2, 2, 3, -1, 0, nan, 0, -1, 1, 1, 2, 1)","[-0.04, -0.04, -0.043996, 1.0, -0.043996, 0.0, -0.0443952004, -1.0, -0.0443952004, -0.04443508051996, -0.07994759687151204, -0.04798676492746405]",1.3897197128087182,2.5249198009989433
"(2, 1, 2, -1, 0, nan, 1, -1, 1, 3, 0, 3)","[-0.04, -0.043996, -0.04, 1.0, -0.071968, 0.0, -0.071968, -1.0, -0.0471896032, -0.07771393087744, -0.047763621694656255, -0.1780726864583693]",2.0613345605088385,2.5648651097416595
"(0, 3, 2, -1, 3, nan, 3, -1, 2, 3, 0, 0)","[-0.04, -0.071968, -0.0471896032, 1.0, -0.071968, 0.0, -0.04471424135968, -1.0, -0.0471896032, -0.04, -0.07973162169465627, -0.1399]",1.9076457940117129,2.5703050633621594
"(2, 3, 3, -1, 3, nan, 3, -1, 0, 3, 1, 3)","[-0.04, -0.04, -0.043996, 1.0, -0.043996, 0.0, -0.0443952004, -1.0, -0.04, -0.04, -0.07947664415968, -0.8471397167515521]",2.5339360767731285,2.8169784958298267
"(0, 0, 2, -1, 1, nan, 0, -1, 3, 3, 2, 0)","[-0.04, -0.04, -0.04, 1.0, -0.043996, 0.0, -0.043996, -1.0, -0.07516160320000001, -0.04, -0.0763632004, -0.1399]",1.670971252824169,2.5843391092345263
"(2, 0, 3, -1, 3, nan, 0, -1, 0, 1, 3, 2)","[-0.04, -0.043996, -0.0443952004, 1.0, -0.043996, 0.0, -0.07548064415968, -1.0, -0.0443952004, -0.04, -0.043996, -0.8435952004]",2.336854622445327,4.0529360060001585
"(2, 3, 3, -1, 3, nan, 2, -1, 1, 2, 3, 3)","[-0.04, -0.043996, -0.04, 1.0, -0.043996, 0.0, -0.071968, -1.0, -0.07516160320000001, -0.10006915327744001, -0.0471896032, -0.04471424135968]",1.0838776021389092,2.6397277088626607
"(0, 2, 2, -1, 1, nan, 0, -1, 1, 0, 1, 3)","[-0.04, -0.04, -0.04, 1.0, -0.043996, 0.0, -0.04, -1.0, -0.0443952004, -0.04443508051996, -0.043996, -0.1399]",1.5277386389744199,2.008966630066685
"(2, 3, 2, -1, 0, nan, 2, -1, 2, 2, 0, 0)","[-0.04, -0.043996, -0.0443952004, 1.0, -0.043996, 0.0, -0.07548064415968, -1.0, -0.0443952004, -0.04443508051996, -0.08305303270310407, -0.1399]",0.9582733101196942,1.0199305421976135
"(2, 1, 3, -1, 2, nan, 1, -1, 3, 0, 0, 3)","[-0.04, -0.04, -0.043996, 1.0, -0.071968, 0.0, -0.04, -1.0, -0.04, -0.043996, -0.0763632004, -0.8468286837199601]",1.0300972788673564,1.0909174526147254
"(3, 3, 3, -1, 2, nan, 2, -1, 3, 1, 0, 2)","[-0.04, -0.071968, -0.04, 1.0, -0.04, 0.0, -0.043996, -1.0, -0.043996, -0.0443952004, -0.07959668371996001, -0.1399]",1.998694460909637,3.3630094467851372
"(1, 0, 0, -1, 0, nan, 1, -1, 3, 2, 0, 1)","[-0.04, -0.04, -0.04, 1.0, -0.04, 0.0, -0.04, -1.0, -0.043996, -0.07516160320000001, -0.07947664415968, -0.047939716751552036]",1.4276990068485595,1.8279204630250891
"(3, 2, 3, -1, 0, nan, 3, -1, 2, 3, 1, 2)","[-0.04, -0.043996, -0.0443952004, 1.0, -0.071968, 0.0, -0.04443508051996, -1.0, -0.0471896032, -0.04471424135968, -0.07997946906338407, -0.20381959167545657]",2.251463001431808,3.4097492231166955
"(2, 0, 2, -1, 3, nan, 3, -1, 2, 2, 1, 2)","[-0.04, -0.043996, -0.04, 1.0, -0.071968, 0.0, -0.043996, -1.0, -0.04, -0.04, -0.0763632004, -0.04762868371996]",2.17277396562049,2.5159189531688595
"(2, 1, 1, -1, 3, nan, 2, -1, 1, 2, 0, 2)","[-0.04, -0.043996, -0.0443952004, 1.0, -0.043996, 0.0, -0.04443508051996, -1.0, -0.04, -0.043996, -0.079600667743944, -0.047952106707620006]",0.5198022549238949,0.6378289699209314
"(2, 0, 2, -1, 0, nan, 2, -1, 2, 3, 3, 3)","[-0.04, -0.071968, -0.0975168256, 1.0, -0.043996, 0.0, -0.04, -1.0, -0.0443952004, -0.04443508051996, -0.07640706454394401, -0.047633065747940004]",1.460636269367122,1.8806040468432634
"(3, 0, 3, -1, 0, nan, 0, -1, 0, 2, 1, 2)","[-0.04, -0.043996, -0.0443952004, 1.0, -0.071968, 0.0, -0.04, -1.0, -0.04, -0.04, -0.043996, -0.1399]",2.2633474173502717,2.3960632569817584
"(0, 2, 1, -1, 2, nan, 0, -1, 0, 0, 1, 1)","[-0.04, -0.043996, -0.04, 1.0, -0.071968, 0.0, -0.071968, -1.0, -0.0975168256, -0.04974193087744, -0.08694335435725006, -0.048685641100289286]",2.1531717058216806,3.0924196406736955
"(1, 1, 2, -1, 3, nan, 0, -1, 1, 0, 2, 0)","[-0.04, -0.043996, -0.07516160320000001, 1.0, -0.04, 0.0, -0.10006915327744001, -1.0, -0.071968, -0.0471896032, -0.08771083928985626, -0.20999850276045315]",1.638689410403712,2.0678720925577783
"(0, 3, 3, -1, 3, nan, 1, -1, 3, 3, 2, 1)","[-0.04, -0.071968, -0.0471896032, 1.0, -0.043996, 0.0, -0.07771393087744, -1.0, -0.0443952004, -0.04443508051996, -0.044439064543944, -0.8436394625479401]",1.276883381327241,1.3125783888458786
"(2, 2, 2, -1, 1, nan, 3, -1, 2, 3, 3, 0)","[-0.04, -0.04, -0.04, 1.0, -0.043996, 0.0, -0.043996, -1.0, -0.0443952004, -0.04, -0.043996, -0.17506160320000003]",1.5857736751406273,3.6928882242957677
"(1, 3, 0, -1, 1, nan, 0, -1, 0, 0, 0, 0)","[-0.04, -0.043996, -0.0443952004, 1.0, -0.043996, 0.0, -0.04443508051996, -1.0, -0.04, -0.04, -0.044439064543944, -0.8436394625479401]",2.441675684695721,2.6900587429942977
"(2, 0, 1, -1, 1, nan, 2, -1, 3, 1, 3, 3)","[-0.04, -0.04, -0.043996, 1.0, -0.043996, 0.0, -0.07516160320000001, -1.0, -0.07516160320000001, -0.04750864415968, -0.10481526682899206, -0.8496710451562164]",0.8400593700828136,1.0703354917134398
"(0, 2, 3, -1, 0, nan, 3, -1, 1, 2, 2, 1)","[-0.04, -0.043996, -0.07516160320000001, 1.0, -0.043996, 0.0, -0.04, -1.0, -0.0443952004, -0.07548064415968, -0.043996, -0.1399]",1.4768552187094193,2.114853653673647
"(2, 0, 1, -1, 3, nan, 0, -1, 2, 2, 2, 1)","[-0.04, -0.043996, -0.04, 1.0, -0.071968, 0.0, -0.043996, -1.0, -0.0471896032, -0.04471424135968, -0.044466952711832035, -0.17543798860729617]",2.0898138414639624,2.256244920152296
"(2, 3, 2, -1, 0, nan, 3, -1, 3, 0, 3, 0)","[-0.04, -0.043996, -0.07516160320000001, 1.0, -0.043996, 0.0, -0.10006915327744001, -1.0, -0.04, -0.043996, -0.0443952004, -0.17538064415968002]",0.2257163264874602,0.23903524957139125
"(0, 3, 1, -1, 3, nan, 2, -1, 1, 1, 3, 0)","[-0.04, -0.04, -0.043996, 1.0, -0.071968, 0.0, -0.0443952004, -1.0, -0.0471896032, -0.04471424135968, -0.04443508051996, -0.8436390645439441]",2.3682748504443882,3.526266895483766
"(3, 1, 3, -1, 0, nan, 3, -1, 1, 1, 0, 0)","[-0.04, -0.04, -0.071968, 1.0, -0.043996, 0.0, -0.04, -1.0, -0.0443952004, -0.07548064415968, -0.043996, -0.8435952004]",1.9134075906991426,2.2414175544586947
"(0, 0, 3, -1, 1, nan, 2, -1, 3, 0, 1, 1)","[-0.04, -0.071968, -0.04, 1.0, -0.071968, 0.0, -0.043996, -1.0, -0.0471896032, -0.07771393087744, -0.08292522489465626, -0.8474842299669763]",1.9996497823999715,2.676025072482258
"(3, 1, 1, -1, 1, nan, 1, -1, 3, 3, 3, 0)","[-0.04, -0.043996, -0.04, 1.0, -0.043996, 0.0, -0.04, -1.0, -0.0443952004, -0.04443508051996, -0.07950851635155204, -0.2034432062681604]",1.3420712919901703,2.3902162949015917
"(0, 0, 2, -1, 3, nan, 0, -1, 2, 1, 0, 3)","[-0.04, -0.071968, -0.0975168256, 1.0, -0.043996, 0.0, -0.04974193087744, -1.0, -0.0443952004, -0.04, -0.04496921889465626, -0.8436924249675762]",1.579673799208017,2.0220852487875765
"(0, 1, 2, -1, 2, nan, 3, -1, 1, 3, 2, 3)","[-0.04, -0.043996, -0.0443952004, 1.0, -0.043996, 0.0, -0.07548064415968, -1.0, -0.04, -0.071968, -0.10751373401241626, -0.1399]",0.6619538966278141,0.754590432357503
"(0, 2, 0, -1, 2, nan, 2, -1, 3, 2, 2, 0)","[-0.04, -0.071968, -0.0471896032, 1.0, -0.04, 0.0, -0.04471424135968, -1.0, -0.043996, -0.04, -0.043996, -0.1399]",0.6566621639375307,0.746520008608858
"(3, 1, 1, -1, 1, nan, 0, -1, 3, 0, 1, 0)","[-0.04, -0.043996, -0.0443952004, 1.0, -0.04, 0.0, -0.04, -1.0, -0.043996, -0.0443952004, -0.04443508051996, -0.8436390645439441]",1.2362169733965234,1.5310459298027257
"(0, 1, 1, -1, 3, nan, 1, -1, 2, 0, 3, 1)","[-0.04, -0.071968, -0.0975168256, 1.0, -0.043996, 0.0, -0.11793544701952, -1.0, -0.0443952004, -0.04443508051996, -0.08729426750880208, -0.8479206973241293]",1.408809823709971,2.372524330143581
"(3, 3, 2, -1, 2, nan, 2, -1, 1, 0, 2, 2)","[-0.04, -0.071968, -0.0975168256, 1.0, -0.043996, 0.0, -0.04974193087744, -1.0, -0.04, -0.043996, -0.04496921889465626, -0.1758393997406093]",1.9571969133522684,2.3672343346577702
"(3, 3, 1, -1, 3, nan, 3, -1, 0, 0, 3, 0)","[-0.04, -0.04, -0.043996, 1.0, -0.04, 0.0, -0.04, -1.0, -0.043996, -0.0443952004, -0.04443508051996, -0.044439064543944]",0.6597286102965285,0.7443259069932906
"(1, 3, 0, -1, 3, nan, 1, -1, 0, 3, 1, 3)","[-0.04, -0.04, -0.071968, 1.0, -0.043996, 0.0, -0.0471896032, -1.0, -0.07516160320000001, -0.04750864415968, -0.04471424135968, -0.8436669527118321]",1.9627106270256023,2.6408457904652853
"(0, 0, 2, -1, 1, nan, 3, -1, 2, 3, 3, 3)","[-0.04, -0.04, -0.043996, 1.0, -0.043996, 0.0, -0.0443952004, -1.0, -0.07516160320000001, -0.04, -0.07640308051996, -0.1399]",1.7577130203632627,2.3977464612787696
"(1, 1, 1, -1, 1, nan, 2, -1, 0, 3, 2, 3)","[-0.04, -0.043996, -0.0443952004, 1.0, -0.043996, 0.0, -0.04443508051996, -1.0, -0.04, -0.04, -0.044439064543944, -0.1399]",2.3007906981807844,2.338653801325695
"(2, 0, 3, -1, 2, nan, 1, -1, 3, 3, 2, 3)","[-0.04, -0.071968, -0.0975168256, 1.0, -0.043996, 0.0, -0.04, -1.0, -0.07516160320000001, -0.04, -0.043996, -0.1399]",1.0441823643016004,1.343349376032911
"(0, 0, 1, -1, 1, nan, 1, -1, 3, 3, 2, 2)","[-0.04, -0.043996, -0.04, 1.0, -0.04, 0.0, -0.043996, -1.0, -0.043996, -0.04, -0.043996, -0.1399]",1.9293484204586508,5.4402485443605375
"(2, 0, 1, -1, 3, nan, 0, -1, 2, 2, 2, 0)","[-0.04, -0.043996, -0.07516160320000001, 1.0, -0.043996, 0.0, -0.04750864415968, -1.0, -0.0443952004, -0.04, -0.043996, -0.0443952004]",0.7509076638498768,1.457006168417319
"(2, 0, 0, -1, 0, nan, 0, -1, 1, 1, 3, 2)","[-0.04, -0.043996, -0.07516160320000001, 1.0, -0.043996, 0.0, -0.10006915327744001, -1.0, -0.04, -0.043996, -0.0443952004, -0.8436350805199602]",0.37246440681294374,0.3833631433144204
"(2, 1, 3, -1, 0, nan, 0, -1, 1, 0, 3, 1)","[-0.04, -0.043996, -0.0443952004, 1.0, -0.071968, 0.0, -0.07548064415968, -1.0, -0.0471896032, -0.07771393087744, -0.047540516351552035, -0.04474929758352005]",1.8472314675665127,2.1509507979254336
"(2, 1, 1, -1, 0, nan, 3, -1, 1, 1, 1, 3)","[-0.04, -0.071968, -0.04, 1.0, -0.071968, 0.0, -0.071968, -1.0, -0.0471896032, -0.04471424135968, -0.0471896032, -0.17761393087744]",1.9049050275706252,2.58114761354121
"(0, 2, 1, -1, 0, nan, 3, -1, 3, 3, 3, 3)","[-0.04, -0.071968, -0.0975168256, 1.0, -0.071968, 0.0, -0.04974193087744, -1.0, -0.0471896032, -0.07771393087744, -0.1070781924519063, -0.1399]",1.8998401450835591,2.5990831914555983
"(2, 3, 3, -1, 3, nan, 0, -1, 2, 3, 2, 1)","[-0.04, -0.043996, -0.07516160320000001, 1.0, -0.071968, 0.0, -0.04750864415968, -1.0, -0.0471896032, -0.04, -0.04474611355155203, -0.1399]",2.32726596540077,6.14357903420218
"(2, 0, 1, -1, 2, nan, 3, -1, 2, 0, 3, 0)","[-0.04, -0.04, -0.04, 1.0, -0.043996, 0.0, -0.071968, -1.0, -0.04, -0.04, -0.043996, -0.17506160320000003]",1.8108712384010892,2.617491905767354
"(2, 3, 3, -1, 3, nan, 1, -1, 0, 0, 0, 3)","[-0.04, -0.043996, -0.07516160320000001, 1.0, -0.04, 0.0, -0.04750864415968, -1.0, -0.04, -0.043996, -0.04474611355155203, -0.8436701367438002]",2.1027921595847814,2.6297062326520537
"(0, 0, 0, -1, 3, nan, 1, -1, 3, 2, 2, 3)","[-0.04, -0.04, -0.04, 1.0, -0.043996, 0.0, -0.043996, -1.0, -0.07516160320000001, -0.04750864415968, -0.07990771675155203, -0.1399]",1.4836715962745688,2.3681567118104745
"(0, 3, 3, -1, 2, nan, 0, -1, 2, 3, 0, 3)","[-0.04, -0.043996, -0.0443952004, 1.0, -0.043996, 0.0, -0.04443508051996, -1.0, -0.0443952004, -0.04443508051996, -0.044439064543944, -0.1399]",1.3450461786075116,1.580971941966015
"(2, 1, 2, -1, 3, nan, 0, -1, 2, 3, 1, 2)","[-0.04, -0.04, -0.04, 1.0, -0.04, 0.0, -0.071968, -1.0, -0.04, -0.04, -0.1015128256, -0.1399]",2.8655743630857944,3.15134065329568
"(3, 2, 2, -1, 2, nan, 0, -1, 1, 3, 0, 3)","[-0.04, -0.071968, -0.0471896032, 1.0, -0.043996, 0.0, -0.07771393087744, -1.0, -0.04, -0.04, -0.07973162169465625, -0.04796518900729616]",2.284933143124658,2.671784979014816
"(1, 1, 0, -1, 1, nan, 1, -1, 1, 0, 3, 0)","[-0.04, -0.043996, -0.0443952004, 1.0, -0.04, 0.0, -0.07548064415968, -1.0, -0.043996, -0.04, -0.10432013081241626, -0.1399]",0.6608519864695606,0.745146994282311
"(2, 0, 3, -1, 3, nan, 2, -1, 0, 2, 1, 1)","[-0.04, -0.071968, -0.0471896032, 1.0, -0.043996, 0.0, -0.04471424135968, -1.0, -0.0443952004, -0.04443508051996, -0.044466952711832035, -0.8436422485759122]",0.0,-8.480337627787904e-16
"(1, 0, 3, -1, 2, nan, 0, -1, 1, 2, 3, 2)","[-0.04, -0.043996, -0.04, 1.0, -0.043996, 0.0, -0.04, -1.0, -0.07516160320000001, -0.04750864415968, -0.08196490841241627, -0.2054063548032031]",1.3351893652118039,2.7266926946941332
"(0, 1, 3, -1, 3, nan, 2, -1, 0, 0, 2, 1)","[-0.04, -0.043996, -0.04, 1.0, -0.04, 0.0, -0.071968, -1.0, -0.043996, -0.0443952004, -0.0471896032, -0.04471424135968]",0.6636173276679423,0.7458240897268343
"(0, 1, 1, -1, 2, nan, 1, -1, 2, 3, 1, 1)","[-0.04, -0.071968, -0.04, 1.0, -0.043996, 0.0, -0.04, -1.0, -0.07516160320000001, -0.04750864415968, -0.04474611355155203, -0.1756610939504004]",1.5756917887359052,2.398964716830881
"(0, 0, 1, -1, 2, nan, 1, -1, 0, 2, 1, 1)","[-0.04, -0.071968, -0.0975168256, 1.0, -0.04, 0.0, -0.04974193087744, -1.0, -0.04, -0.04, -0.07693721889465627, -0.2013882253406093]",2.0040247515975733,2.4071599770786687
"(3, 1, 1, -1, 2, nan, 0, -1, 2, 3, 0, 3)","[-0.04, -0.043996, -0.07516160320000001, 1.0, -0.04, 0.0, -0.04750864415968, -1.0, -0.071968, -0.0471896032, -0.08246004442899203, -0.20580206750765043]",1.489347680272001,1.883856730456507
"(0, 2, 0, -1, 2, nan, 1, -1, 1, 2, 0, 2)","[-0.04, -0.071968, -0.0975168256, 1.0, -0.04, 0.0, -0.11793544701952, -1.0, -0.04, -0.04, -0.13825000925800038, -0.1399]",2.75381555016825,2.9191001163218435
"(1, 0, 3, -1, 2, nan, 0, -1, 1, 0, 2, 3)","[-0.04, -0.043996, -0.0443952004, 1.0, -0.04, 0.0, -0.04443508051996, -1.0, -0.043996, -0.0443952004, -0.07994759687151204, -0.04798676492746405]",0.6643138517072934,0.749007656835498
"(3, 3, 1, -1, 2, nan, 1, -1, 1, 2, 3, 0)","[-0.04, -0.043996, -0.04, 1.0, -0.04, 0.0, -0.071968, -1.0, -0.043996, -0.0443952004, -0.04443508051996, -0.1399]",0.6622974489791972,0.7533835471110374
"(2, 0, 2, -1, 2, nan, 0, -1, 0, 2, 0, 2)","[-0.04, -0.04, -0.071968, 1.0, -0.04, 0.0, -0.0471896032, -1.0, -0.043996, -0.0443952004, -0.04471424135968, -0.8436669527118321]",0.6646829862973543,0.7437070492203994
"(3, 3, 2, -1, 1, nan, 1, -1, 2, 1, 1, 3)","[-0.04, -0.043996, -0.0443952004, 1.0, -0.04, 0.0, -0.07548064415968, -1.0, -0.071968, -0.0471896032, -0.10503837217209627, -0.05049333337999242]",1.5549238372594216,1.8042927323212432
"(1, 2, 3, -1, 2, nan, 2, -1, 0, 2, 3, 1)","[-0.04, -0.04, -0.043996, 1.0, -0.043996, 0.0, -0.0443952004, -1.0, -0.04, -0.071968, -0.10195190611996, -0.1399]",0.6654755512973733,0.7466245968660978
"(3, 2, 2, -1, 2, nan, 0, -1, 0, 1, 1, 2)","[-0.04, -0.043996, -0.04, 1.0, -0.04, 0.0, -0.04, -1.0, -0.071968, -0.0471896032, -0.043996, -0.17506160320000003]",1.734912735160329,2.2147251542066853
"(2, 1, 1, -1, 2, nan, 0, -1, 3, 3, 2, 1)","[-0.04, -0.043996, -0.0443952004, 1.0, -0.04, 0.0, -0.07548064415968, -1.0, -0.071968, -0.0975168256, -0.12547596337107203, -0.0525350487407701]",1.4336593659723658,1.825322982292674
"(0, 2, 1, -1, 1, nan, 2, -1, 0, 0, 1, 0)","[-0.04, -0.071968, -0.0975168256, 1.0, -0.04, 0.0, -0.11793544701952, -1.0, -0.043996, -0.04, -0.043996, -0.17506160320000003]",1.237592734964677,9.689153697263384
"(0, 1, 2, -1, 3, nan, 0, -1, 0, 0, 2, 2)","[-0.04, -0.043996, -0.07516160320000001, 1.0, -0.043996, 0.0, -0.04, -1.0, -0.07516160320000001, -0.04750864415968, -0.08196490841241627, -0.8473882943504004]",1.684476169993651,2.2267922202218142
"(1, 0, 1, -1, 2, nan, 0, -1, 1, 2, 1, 2)","[-0.04, -0.071968, -0.0471896032, 1.0, -0.043996, 0.0, -0.07771393087744, -1.0, -0.07516160320000001, -0.04750864415968, -0.04474611355155203, -0.04447013674380005]",1.6019611661386626,2.1950087280042005
"(0, 1, 2, -1, 3, nan, 1, -1, 1, 3, 3, 0)","[-0.04, -0.043996, -0.07516160320000001, 1.0, -0.04, 0.0, -0.10006915327744001, -1.0, -0.043996, -0.0443952004, -0.08547755257209627, -0.04853920750195242]",0.6553288971406613,0.7423626852729986
"(1, 3, 3, -1, 0, nan, 0, -1, 0, 2, 0, 2)","[-0.04, -0.071968, -0.0471896032, 1.0, -0.043996, 0.0, -0.04471424135968, -1.0, -0.0443952004, -0.04, -0.044466952711832035, -0.8436422485759122]",1.8170717300237464,2.082342306358088
"(0, 2, 3, -1, 2, nan, 0, -1, 1, 0, 0, 2)","[-0.04, -0.04, -0.04, 1.0, -0.071968, 0.0, -0.071968, -1.0, -0.0975168256, -0.04974193087744, -0.10248604449465626, -0.05023835584501616]",1.051519657882708,1.6384436368945658
"(2, 0, 3, -1, 0, nan, 2, -1, 2, 3, 0, 3)","[-0.04, -0.043996, -0.04, 1.0, -0.04, 0.0, -0.071968, -1.0, -0.043996, -0.0443952004, -0.10195190611996, -0.05018499542138401]",0.6642662266756717,0.7419119927693767
"(3, 1, 1, -1, 2, nan, 2, -1, 0, 3, 0, 3)","[-0.04, -0.043996, -0.04, 1.0, -0.071968, 0.0, -0.04, -1.0, -0.04, -0.04, -0.075964, -0.1399]",2.52857729670201,3.082124110664013
"(0, 2, 1, -1, 3, nan, 2, -1, 0, 3, 3, 2)","[-0.04, -0.071968, -0.0975168256, 1.0, -0.04, 0.0, -0.04, -1.0, -0.071968, -0.04, -0.075964, -0.1399]",2.433142044578723,3.283089825992065
"(3, 0, 0, -1, 0, nan, 3, -1, 3, 1, 3, 1)","[-0.04, -0.043996, -0.07516160320000001, 1.0, -0.043996, 0.0, -0.04, -1.0, -0.07516160320000001, -0.04, -0.043996, -0.0443952004]",2.0395664786705794,3.300337043790396
"(2, 0, 0, -1, 0, nan, 0, -1, 2, 0, 1, 1)","[-0.04, -0.043996, -0.0443952004, 1.0, -0.071968, 0.0, -0.04443508051996, -1.0, -0.0471896032, -0.07771393087744, -0.044439064543944, -0.17541570038352006]",2.0270026102097782,2.5897046096667946
"(0, 1, 0, -1, 1, nan, 1, -1, 1, 1, 1, 3)","[-0.04, -0.043996, -0.0443952004, 1.0, -0.071968, 0.0, -0.07548064415968, -1.0, -0.04, -0.043996, -0.08270211955155204, -0.2059955339456004]",1.4571667930569834,1.8454861660684478
"(2, 2, 1, -1, 2, nan, 1, -1, 3, 0, 0, 1)","[-0.04, -0.071968, -0.0471896032, 1.0, -0.043996, 0.0, -0.04471424135968, -1.0, -0.0443952004, -0.07548064415968, -0.10479108352424829, -0.1399]",0.904208903916484,0.9509822176812156
"(3, 0, 1, -1, 3, nan, 0, -1, 1, 0, 3, 0)","[-0.04, -0.043996, -0.07516160320000001, 1.0, -0.04, 0.0, -0.04750864415968, -1.0, -0.043996, -0.0443952004, -0.08240398893237626, -0.20575726795475513]",1.594472883380614,2.2067746468798486
"(2, 1, 3, -1, 0, nan, 1, -1, 3, 0, 2, 1)","[-0.04, -0.043996, -0.07516160320000001, 1.0, -0.043996, 0.0, -0.10006915327744001, -1.0, -0.0443952004, -0.04443508051996, -0.04999690841241626, -0.8441946911504005]",1.667781972501973,1.9458598435716832
"(1, 3, 1, -1, 1, nan, 1, -1, 3, 0, 0, 1)","[-0.04, -0.071968, -0.04, 1.0, -0.071968, 0.0, -0.043996, -1.0, -0.0471896032, -0.04471424135968, -0.044466952711832035, -0.17543798860729617]",1.8425263501298725,2.6317423139554634
"(3, 0, 3, -1, 1, nan, 1, -1, 1, 2, 3, 0)","[-0.04, -0.04, -0.071968, 1.0, -0.043996, 0.0, -0.0471896032, -1.0, -0.0443952004, -0.04443508051996, -0.08215299542138402, -0.20555667394077012]",1.8487127773381637,2.3542345886858516
"(1, 1, 3, -1, 3, nan, 1, -1, 3, 2, 2, 1)","[-0.04, -0.043996, -0.04, 1.0, -0.043996, 0.0, -0.043996, -1.0, -0.0443952004, -0.04443508051996, -0.0443952004, -0.8436350805199602]",1.0094686912515862,1.1835760657299046
"(3, 0, 1, -1, 3, nan, 0, -1, 2, 2, 3, 1)","[-0.04, -0.071968, -0.04, 1.0, -0.043996, 0.0, -0.043996, -1.0, -0.0443952004, -0.04443508051996, -0.044439064543944, -0.17541570038352006]",1.142813499999332,1.3899043753165774
"(3, 3, 2, -1, 1, nan, 2, -1, 2, 2, 2, 2)","[-0.04, -0.043996, -0.07516160320000001, 1.0, -0.043996, 0.0, -0.10006915327744001, -1.0, -0.04, -0.043996, -0.04999690841241626, -0.17985752920320308]",1.1715237772984548,1.2846611578695344
"(0, 3, 3, -1, 0, nan, 1, -1, 0, 2, 0, 1)","[-0.04, -0.04, -0.043996, 1.0, -0.043996, 0.0, -0.04, -1.0, -0.04, -0.043996, -0.0443952004, -0.04443508051996]",0.0,-1.0013280123414879e-15
"(2, 1, 2, -1, 1, nan, 0, -1, 2, 3, 0, 1)","[-0.04, -0.04, -0.04, 1.0, -0.071968, 0.0, -0.043996, -1.0, -0.0975168256, -0.04974193087744, -0.08013082209465626, -0.2039405530180493]",2.4417376748953927,2.9277279444089594
"(3, 1, 2, -1, 1, nan, 0, -1, 0, 3, 3, 2)","[-0.04, -0.071968, -0.0471896032, 1.0, -0.043996, 0.0, -0.07771393087744, -1.0, -0.04, -0.04, -0.10610497355725004, -0.22469909486695425]",2.8713824204905585,3.288573478584961
"(0, 0, 2, -1, 1, nan, 0, -1, 2, 1, 0, 1)","[-0.04, -0.071968, -0.0471896032, 1.0, -0.043996, 0.0, -0.07771393087744, -1.0, -0.07516160320000001, -0.04, -0.047763621694656255, -0.04477158580729616]",1.9727067912153755,2.679005357533068
"(2, 3, 1, -1, 2, nan, 1, -1, 1, 3, 1, 1)","[-0.04, -0.043996, -0.0443952004, 1.0, -0.043996, 0.0, -0.07548064415968, -1.0, -0.04, -0.071968, -0.10751373401241626, -0.2258249762227231]",0.6651364407859465,0.7434194434906837
"(0, 0, 3, -1, 2, nan, 2, -1, 0, 0, 3, 3)","[-0.04, -0.04, -0.071968, 1.0, -0.04, 0.0, -0.0471896032, -1.0, -0.043996, -0.04, -0.07668224135967999, -0.20118444729465626]",0.6619486836742613,0.7541796145594252
"(2, 2, 0, -1, 0, nan, 1, -1, 1, 1, 0, 1)","[-0.04, -0.043996, -0.04, 1.0, -0.04, 0.0, -0.04, -1.0, -0.071968, -0.0471896032, -0.043996, -0.1399]",1.9809292000079333,2.4737213035742727
"(0, 0, 0, -1, 3, nan, 3, -1, 3, 2, 2, 3)","[-0.04, -0.043996, -0.0443952004, 1.0, -0.071968, 0.0, -0.04443508051996, -1.0, -0.0471896032, -0.07771393087744, -0.08327613804620829, -0.2064542895265297]",1.9870346738210374,2.415169917077496
"(2, 1, 1, -1, 3, nan, 1, -1, 1, 2, 0, 0)","[-0.04, -0.043996, -0.0443952004, 1.0, -0.043996, 0.0, -0.04443508051996, -1.0, -0.0443952004, -0.04443508051996, -0.044439064543944, -0.1399]",1.3483467647045764,1.5810205939934103
"(0, 1, 1, -1, 0, nan, 0, -1, 3, 2, 1, 1)","[-0.04, -0.071968, -0.0975168256, 1.0, -0.043996, 0.0, -0.04974193087744, -1.0, -0.0443952004, -0.04443508051996, -0.08419281570119405, -0.8476108622885493]",1.4576074190756005,1.87312456846642
"(2, 2, 0, -1, 1, nan, 1, -1, 1, 2, 3, 2)","[-0.04, -0.071968, -0.0975168256, 1.0, -0.071968, 0.0, -0.11793544701952, -1.0, -0.0471896032, -0.04471424135968, -0.0875173728519063, -0.20984388438324353]",1.6029341086254771,2.5856698375765026
"(0, 3, 2, -1, 2, nan, 1, -1, 1, 3, 2, 1)","[-0.04, -0.043996, -0.0443952004, 1.0, -0.043996, 0.0, -0.04443508051996, -1.0, -0.0443952004, -0.04443508051996, -0.044439064543944, -0.044439462547940005]",0.46694101961656326,0.5197095743495289
"(0, 3, 2, -1, 3, nan, 0, -1, 1, 0, 2, 2)","[-0.04, -0.04, -0.043996, 1.0, -0.04, 0.0, -0.0443952004, -1.0, -0.043996, -0.04, -0.043996, -0.17506160320000003]",0.6665145248260973,0.7452692614524615
"(2, 0, 1, -1, 1, nan, 0, -1, 2, 0, 3, 1)","[-0.04, -0.04, -0.043996, 1.0, -0.043996, 0.0, -0.07516160320000001, -1.0, -0.0443952004, -0.04443508051996, -0.044439064543944, -0.044439462547940005]",1.9363600547834894,2.2479822751272915
"(1, 3, 1, -1, 3, nan, 3, -1, 0, 3, 1, 2)","[-0.04, -0.043996, -0.07516160320000001, 1.0, -0.043996, 0.0, -0.10006915327744001, -1.0, -0.04, -0.043996, -0.04999690841241626, -0.17985752920320308]",2.003984683547722,2.425941800122838
"(1, 2, 2, -1, 1, nan, 0, -1, 1, 0, 1, 3)","[-0.04, -0.04, -0.071968, 1.0, -0.043996, 0.0, -0.0471896032, -1.0, -0.07516160320000001, -0.04, -0.07668224135967999, -0.047660555911832034]",1.872196864142941,2.45972666635614
"(3, 3, 3, -1, 2, nan, 1, -1, 0, 2, 0, 2)","[-0.04, -0.043996, -0.0443952004, 1.0, -0.043996, 0.0, -0.07548064415968, -1.0, -0.0443952004, -0.04443508051996, -0.08305303270310407, -0.1399]",0.0,-8.480337627787904e-16
"(0, 3, 1, -1, 1, nan, 2, -1, 1, 2, 3, 0)","[-0.04, -0.04, -0.04, 1.0, -0.04, 0.0, -0.043996, -1.0, -0.071968, -0.0471896032, -0.07987584455968, -0.047979596871512036]",1.625152994247105,1.973266060256199
"(0, 1, 2, -1, 0, nan, 3, -1, 2, 3, 0, 2)","[-0.04, -0.04, -0.071968, 1.0, -0.043996, 0.0, -0.04, -1.0, -0.0443952004, -0.04443508051996, -0.043996, -0.8435952004]",1.0216764175072053,1.1119962620212922
"(3, 0, 1, -1, 2, nan, 1, -1, 3, 0, 3, 1)","[-0.04, -0.071968, -0.0471896032, 1.0, -0.071968, 0.0, -0.04471424135968, -1.0, -0.04, -0.04, -0.07973162169465627, -0.04796518900729616]",2.6359549521126175,2.9511000624881834
"(2, 2, 3, -1, 1, nan, 3, -1, 1, 2, 3, 0)","[-0.04, -0.043996, -0.07516160320000001, 1.0, -0.04, 0.0, -0.04750864415968, -1.0, -0.043996, -0.0443952004, -0.04474611355155203, -0.1756610939504004]",2.029729689475744,2.9581052194732247
"(0, 0, 2, -1, 0, nan, 1, -1, 0, 2, 2, 1)","[-0.04, -0.043996, -0.04, 1.0, -0.043996, 0.0, -0.043996, -1.0, -0.0443952004, -0.04443508051996, -0.0443952004, -0.8436350805199602]",0.4732134915272929,0.6026504035221791
"(0, 3, 2, -1, 3, nan, 1, -1, 0, 3, 0, 0)","[-0.04, -0.043996, -0.0443952004, 1.0, -0.071968, 0.0, -0.04443508051996, -1.0, -0.0975168256, -0.04974193087744, -0.04496921889465626, -0.1758393997406093]",1.0437202832315726,1.1103216465701335
"(2, 0, 3, -1, 2, nan, 1, -1, 0, 2, 3, 0)","[-0.04, -0.04, -0.043996, 1.0, -0.043996, 0.0, -0.0443952004, -1.0, -0.07516160320000001, -0.04, -0.07947664415968, -0.8471397167515521]",2.1331684775197624,3.4636121729165197
"(0, 3, 3, -1, 3, nan, 0, -1, 1, 2, 1, 1)","[-0.04, -0.043996, -0.04, 1.0, -0.04, 0.0, -0.043996, -1.0, -0.071968, -0.0471896032, -0.0443952004, -0.8436350805199602]",1.838112153525147,2.3607104929618936
"(3, 1, 3, -1, 0, nan, 3, -1, 1, 0, 0, 0)","[-0.04, -0.04, -0.04, 1.0, -0.043996, 0.0, -0.071968, -1.0, -0.0443952004, -0.04443508051996, -0.08270211955155204, -0.2059955339456004]",1.9837023923315342,2.394303123097367
"(0, 3, 2, -1, 0, nan, 3, -1, 0, 1, 1, 0)","[-0.04, -0.071968, -0.04, 1.0, -0.071968, 0.0, -0.043996, -1.0, -0.0471896032, -0.04471424135968, -0.07962855591183204, -0.8471548927355922]",1.9996353806329346,2.675755815750132
"(1, 2, 1, -1, 0, nan, 3, -1, 0, 0, 0, 0)","[-0.04, -0.04, -0.043996, 1.0, -0.071968, 0.0, -0.0443952004, -1.0, -0.0975168256, -0.11793544701952, -0.13868908977796038, -0.8530550400688183]",2.6206204107925912,2.823364436150733
"(3, 3, 0, -1, 3, nan, 3, -1, 3, 2, 3, 3)","[-0.04, -0.043996, -0.07516160320000001, 1.0, -0.071968, 0.0, -0.04750864415968, -1.0, -0.0975168256, -0.04974193087744, -0.0829381273070725, -0.8474855189179766]",1.0545738421919864,1.480616186931518
"(2, 0, 0, -1, 2, nan, 3, -1, 2, 0, 0, 1)","[-0.04, -0.04, -0.043996, 1.0, -0.043996, 0.0, -0.0443952004, -1.0, -0.0443952004, -0.04443508051996, -0.04443508051996, -0.1399]",2.2254593982640425,2.8915992081226003
"(2, 3, 1, -1, 1, nan, 3, -1, 3, 2, 3, 0)","[-0.04, -0.043996, -0.0443952004, 1.0, -0.04, 0.0, -0.04443508051996, -1.0, -0.04, -0.043996, -0.07990771675155203, -0.2037622472278404]",1.9285084641570327,2.292727255942589
"(1, 2, 1, -1, 3, nan, 0, -1, 0, 3, 3, 0)","[-0.04, -0.04, -0.071968, 1.0, -0.043996, 0.0, -0.0471896032, -1.0, -0.0443952004, -0.04443508051996, -0.04471424135968, -0.8436669527118321]",2.293141059305524,3.9886664142687973
"(1, 1, 1, -1, 2, nan, 3, -1, 3, 2, 2, 3)","[-0.04, -0.043996, -0.07516160320000001, 1.0, -0.043996, 0.0, -0.10006915327744001, -1.0, -0.07516160320000001, -0.04, -0.04999690841241626, -0.8441946911504005]",1.8991552727355434,2.603875392726772
"(0, 0, 3, -1, 2, nan, 1, -1, 0, 0, 3, 3)","[-0.04, -0.071968, -0.0975168256, 1.0, -0.04, 0.0, -0.04974193087744, -1.0, -0.043996, -0.0443952004, -0.04443508051996, -0.1399]",1.0907498639752582,1.35733256791911
"(2, 2, 3, -1, 2, nan, 0, -1, 1, 2, 0, 3)","[-0.04, -0.043996, -0.04, 1.0, -0.04, 0.0, -0.043996, -1.0, -0.071968, -0.0471896032, -0.0443952004, -0.1399]",1.9979678217597676,2.5150644081471416
"(3, 2, 0, -1, 0, nan, 0, -1, 2, 3, 0, 2)","[-0.04, -0.043996, -0.04, 1.0, -0.04, 0.0, -0.071968, -1.0, -0.043996, -0.0443952004, -0.10195190611996, -0.1399]",0.6629846539431803,0.7540220960308708
"(1, 2, 0, -1, 0, nan, 1, -1, 2, 2, 0, 3)","[-0.04, -0.043996, -0.0443952004, 1.0, -0.071968, 0.0, -0.07548064415968, -1.0, -0.04, -0.04, -0.10432013081241626, -0.05042158106816039]",2.7960305359859916,3.288982745140973
"(3, 0, 1, -1, 3, nan, 1, -1, 1, 3, 0, 3)","[-0.04, -0.043996, -0.0443952004, 1.0, -0.071968, 0.0, -0.04443508051996, -1.0, -0.04, -0.043996, -0.07990771675155203, -0.1399]",1.052592601745547,1.1653088411988168
"(1, 2, 0, -1, 1, nan, 2, -1, 0, 2, 2, 3)","[-0.04, -0.043996, -0.07516160320000001, 1.0, -0.043996, 0.0, -0.04750864415968, -1.0, -0.0443952004, -0.04, -0.08196490841241627, -0.1399]",1.6751182560379871,2.068212395650659
"(2, 1, 3, -1, 0, nan, 3, -1, 3, 3, 2, 2)","[-0.04, -0.043996, -0.0443952004, 1.0, -0.043996, 0.0, -0.04, -1.0, -0.07516160320000001, -0.04750864415968, -0.04474611355155203, -0.1399]",0.8212252169507938,1.0165693671936262
"(2, 1, 0, -1, 1, nan, 1, -1, 0, 2, 0, 1)","[-0.04, -0.071968, -0.04, 1.0, -0.071968, 0.0, -0.043996, -1.0, -0.0471896032, -0.04, -0.043996, -0.0443952004]",0.851655171298245,11.03811004169589
"(3, 1, 2, -1, 3, nan, 0, -1, 1, 3, 0, 3)","[-0.04, -0.071968, -0.0471896032, 1.0, -0.043996, 0.0, -0.04471424135968, -1.0, -0.07516160320000001, -0.04750864415968, -0.0804817352462083, -0.20422100280876967]",1.2095394343189954,2.4130700346956564
"(0, 1, 2, -1, 2, nan, 0, -1, 2, 3, 1, 1)","[-0.04, -0.071968, -0.0471896032, 1.0, -0.043996, 0.0, -0.07771393087744, -1.0, -0.0443952004, -0.04, -0.10610497355725004, -0.1399]",1.534174652569441,1.589725290783402
"(2, 3, 2, -1, 3, nan, 2, -1, 3, 0, 1, 3)","[-0.04, -0.071968, -0.0471896032, 1.0, -0.04, 0.0, -0.07771393087744, -1.0, -0.04, -0.04, -0.07973162169465625, -0.2036215120583693]",2.287290627163051,2.9087684491300307
"(3, 1, 2, -1, 1, nan, 3, -1, 2, 0, 2, 3)","[-0.04, -0.04, -0.043996, 1.0, -0.043996, 0.0, -0.04, -1.0, -0.0443952004, -0.04443508051996, -0.07950851635155204, -0.1399]",1.2271329085572908,2.494431143449811
"(3, 3, 2, -1, 2, nan, 3, -1, 2, 3, 0, 1)","[-0.04, -0.071968, -0.0471896032, 1.0, -0.043996, 0.0, -0.04471424135968, -1.0, -0.04, -0.043996, -0.0443952004, -0.1399]",1.4635766110328208,1.650863895765634
"(1, 2, 1, -1, 2, nan, 2, -1, 0, 2, 1, 0)","[-0.04, -0.04, -0.043996, 1.0, -0.04, 0.0, -0.0443952004, -1.0, -0.04, -0.04, -0.07947664415968, -0.20341773401241628]",2.544831631854173,2.9266467947508312
"(1, 2, 2, -1, 2, nan, 3, -1, 1, 0, 1, 3)","[-0.04, -0.043996, -0.07516160320000001, 1.0, -0.04, 0.0, -0.04, -1.0, -0.071968, -0.0471896032, -0.08170993087744, -0.8473628220946564]",1.4686819369720043,1.920406243693702
"(1, 0, 1, -1, 1, nan, 3, -1, 0, 0, 1, 3)","[-0.04, -0.043996, -0.0443952004, 1.0, -0.04, 0.0, -0.04443508051996, -1.0, -0.043996, -0.0443952004, -0.07991970870362401, -0.1399]",0.6591330172344264,0.7480609486530149
"(1, 1, 3, -1, 1, nan, 3, -1, 2, 2, 2, 1)","[-0.04, -0.043996, -0.07516160320000001, 1.0, -0.043996, 0.0, -0.04750864415968, -1.0, -0.07516160320000001, -0.04750864415968, -0.0827150219639683, -0.1399]",0.734372443098091,1.1018398015217277
"(0, 1, 2, -1, 3, nan, 2, -1, 1, 0, 3, 3)","[-0.04, -0.071968, -0.04, 1.0, -0.043996, 0.0, -0.043996, -1.0, -0.04, -0.043996, -0.0443952004, -0.17538064415968002]",0.2248754454973048,0.23712589809625195
"(3, 1, 2, -1, 0, nan, 1, -1, 2, 3, 0, 1)","[-0.04, -0.071968, -0.0471896032, 1.0, -0.043996, 0.0, -0.04, -1.0, -0.0443952004, -0.04443508051996, -0.043996, -0.1399]",1.8117726035124901,2.0856589013497273
"(0, 3, 3, -1, 0, nan, 3, -1, 1, 0, 3, 1)","[-0.04, -0.071968, -0.0471896032, 1.0, -0.071968, 0.0, -0.04471424135968, -1.0, -0.04, -0.04, -0.07973162169465627, -0.2036215120583693]",2.044382320738339,2.647593765359857
"(3, 3, 1, -1, 1, nan, 3, -1, 0, 3, 0, 1)","[-0.04, -0.04, -0.04, 1.0, -0.071968, 0.0, -0.043996, -1.0, -0.0471896032, -0.04471424135968, -0.0443952004, -0.17538064415968002]",2.310118515548506,2.331451744732436
"(1, 0, 1, -1, 0, nan, 2, -1, 3, 0, 0, 3)","[-0.04, -0.04, -0.071968, 1.0, -0.043996, 0.0, -0.0471896032, -1.0, -0.07516160320000001, -0.04, -0.08170993087744, -0.20520257675725004]",2.346426681123282,3.77961270773989
"(1, 1, 0, -1, 3, nan, 1, -1, 3, 1, 0, 2)","[-0.04, -0.043996, -0.07516160320000001, 1.0, -0.071968, 0.0, -0.04, -1.0, -0.0471896032, -0.04471424135968, -0.07643495271183204, -0.1399]",2.291913897724779,3.0234645765165933
"(0, 1, 0, -1, 0, nan, 2, -1, 1, 1, 1, 0)","[-0.04, -0.071968, -0.0471896032, 1.0, -0.043996, 0.0, -0.04471424135968, -1.0, -0.0443952004, -0.07548064415968, -0.08327613804620829, -0.04831928619081621]",1.6957018527657475,1.779051020874902
"(3, 3, 1, -1, 3, nan, 2, -1, 0, 3, 0, 3)","[-0.04, -0.071968, -0.0471896032, 1.0, -0.071968, 0.0, -0.04, -1.0, -0.0471896032, -0.07771393087744, -0.10610497355725004, -0.8497998868583694]",1.6464675725204905,1.8156139343304576
"(1, 2, 3, -1, 1, nan, 2, -1, 3, 1, 1, 2)","[-0.04, -0.04, -0.071968, 1.0, -0.043996, 0.0, -0.04, -1.0, -0.07516160320000001, -0.04, -0.075964, -0.1399]",2.13308355620275,3.0487815077601965
"(3, 2, 2, -1, 1, nan, 3, -1, 2, 0, 0, 2)","[-0.04, -0.043996, -0.04, 1.0, -0.043996, 0.0, -0.04, -1.0, -0.0443952004, -0.07548064415968, -0.10432013081241626, -0.05042158106816039]",1.3785813946601724,1.4331790935799054
"(1, 2, 3, -1, 0, nan, 3, -1, 2, 3, 0, 0)","[-0.04, -0.043996, -0.0443952004, 1.0, -0.043996, 0.0, -0.04443508051996, -1.0, -0.04, -0.043996, -0.07990771675155203, -0.04798278090348005]",1.8473553039306334,2.2557843880953388
"(0, 1, 3, -1, 2, nan, 0, -1, 0, 3, 2, 3)","[-0.04, -0.043996, -0.04, 1.0, -0.071968, 0.0, -0.043996, -1.0, -0.04, -0.04, -0.07915760320000001, -0.84710784455968]",2.6253533699911484,2.843820929448463
"(3, 1, 3, -1, 1, nan, 3, -1, 1, 2, 3, 2)","[-0.04, -0.071968, -0.04, 1.0, -0.04, 0.0, -0.071968, -1.0, -0.071968, -0.04, -0.043996, -0.1399]",2.183736179312485,2.9968437874770304
"(1, 2, 1, -1, 1, nan, 2, -1, 0, 0, 1, 1)","[-0.04, -0.071968, -0.04, 1.0, -0.043996, 0.0, -0.043996, -1.0, -0.0443952004, -0.04443508051996, -0.0443952004, -0.04443508051996]",0.8216312181873884,0.8448883325691068
"(3, 3, 3, -1, 1, nan, 3, -1, 3, 2, 1, 3)","[-0.04, -0.043996, -0.07516160320000001, 1.0, -0.043996, 0.0, -0.04, -1.0, -0.07516160320000001, -0.04750864415968, -0.08196490841241627, -0.2054063548032031]",0.7075734428750226,1.021914960641149
"(1, 2, 3, -1, 3, nan, 2, -1, 0, 2, 2, 1)","[-0.04, -0.04, -0.04, 1.0, -0.043996, 0.0, -0.043996, -1.0, -0.0443952004, -0.04443508051996, -0.07990771675155203, -0.1399]",1.593694579627674,2.719184604393736
"(2, 3, 3, -1, 1, nan, 3, -1, 3, 0, 2, 1)","[-0.04, -0.043996, -0.04, 1.0, -0.043996, 0.0, -0.04, -1.0, -0.07516160320000001, -0.04750864415968, -0.04474611355155203, -0.1756610939504004]",1.6618696175963796,2.3503172213127903
"(2, 2, 1, -1, 0, nan, 2, -1, 0, 0, 3, 3)","[-0.04, -0.04, -0.04, 1.0, -0.043996, 0.0, -0.043996, -1.0, -0.0443952004, -0.04443508051996, -0.044439064543944, -0.17541570038352006]",1.7133363597763924,3.6514393447490123
"(1, 2, 3, -1, 3, nan, 0, -1, 2, 0, 1, 1)","[-0.04, -0.043996, -0.07516160320000001, 1.0, -0.071968, 0.0, -0.04, -1.0, -0.0975168256, -0.04974193087744, -0.043996, -0.1399]",1.9216369803564035,3.0046785173608166
"(2, 1, 1, -1, 0, nan, 0, -1, 0, 0, 1, 2)","[-0.04, -0.043996, -0.04, 1.0, -0.043996, 0.0, -0.071968, -1.0, -0.04, -0.043996, -0.0823512064, -0.20571508415488002]",1.5396131028170377,1.9198312136331404
"(3, 3, 2, -1, 2, nan, 1, -1, 0, 3, 0, 2)","[-0.04, -0.071968, -0.0975168256, 1.0, -0.071968, 0.0, -0.11793544701952, -1.0, -0.0975168256, -0.04974193087744, -0.0915355023145001, -0.04914439668121856]",1.625185922775391,2.7635018969402427
"(0, 3, 2, -1, 3, nan, 1, -1, 2, 3, 3, 1)","[-0.04, -0.04, -0.043996, 1.0, -0.04, 0.0, -0.0443952004, -1.0, -0.071968, -0.04, -0.07947664415968, -0.047939716751552036]",2.172385876344871,2.925736276456712
"(1, 1, 0, -1, 2, nan, 0, -1, 0, 3, 2, 3)","[-0.04, -0.04, -0.043996, 1.0, -0.043996, 0.0, -0.0443952004, -1.0, -0.04, -0.04, -0.04443508051996, -0.17541251635155206]",2.3173565252466357,2.811013177900782
"(0, 2, 0, -1, 0, nan, 2, -1, 1, 3, 2, 1)","[-0.04, -0.071968, -0.0471896032, 1.0, -0.04, 0.0, -0.07771393087744, -1.0, -0.071968, -0.04, -0.043996, -0.1399]",2.1889828077700817,2.982787980638535
"(0, 2, 3, -1, 0, nan, 0, -1, 3, 3, 2, 2)","[-0.04, -0.043996, -0.0443952004, 1.0, -0.071968, 0.0, -0.04, -1.0, -0.0471896032, -0.04, -0.043996, -0.17506160320000003]",1.908702596831365,2.1502179328545816
"(0, 1, 1, -1, 3, nan, 3, -1, 2, 3, 0, 3)","[-0.04, -0.043996, -0.04, 1.0, -0.071968, 0.0, -0.071968, -1.0, -0.0471896032, -0.04, -0.043996, -0.0443952004]",0.9744950474423926,6.202194469537206
"(2, 3, 2, -1, 0, nan, 0, -1, 3, 2, 2, 0)","[-0.04, -0.071968, -0.0975168256, 1.0, -0.043996, 0.0, -0.04974193087744, -1.0, -0.04, -0.04, -0.08374975115725006, -0.1399]",2.668458257479587,2.9178954964722217
"(1, 0, 3, -1, 3, nan, 1, -1, 0, 3, 3, 0)","[-0.04, -0.04, -0.043996, 1.0, -0.071968, 0.0, -0.07516160320000001, -1.0, -0.0471896032, -0.04471424135968, -0.044466952711832035, -0.8436422485759122]",1.7265013194075467,2.3536652908598312
"(0, 2, 0, -1, 0, nan, 2, -1, 1, 0, 0, 2)","[-0.04, -0.043996, -0.04, 1.0, -0.043996, 0.0, -0.043996, -1.0, -0.07516160320000001, -0.04, -0.0443952004, -0.8436350805199602]",1.8870839188201893,2.6018721782169245
"(2, 3, 2, -1, 3, nan, 2, -1, 3, 1, 2, 3)","[-0.04, -0.043996, -0.0443952004, 1.0, -0.071968, 0.0, -0.04, -1.0, -0.0471896032, -0.04471424135968, -0.07643495271183204, -0.04763585177591202]",1.9068330529158746,2.1544748524599426
"(0, 2, 2, -1, 2, nan, 1, -1, 0, 3, 2, 1)","[-0.04, -0.04, -0.043996, 1.0, -0.043996, 0.0, -0.04, -1.0, -0.0443952004, -0.07548064415968, -0.047540516351552035, -0.1399]",1.632116756259877,2.1052152968446545
"(3, 3, 1, -1, 3, nan, 3, -1, 3, 1, 1, 0)","[-0.04, -0.043996, -0.0443952004, 1.0, -0.04, 0.0, -0.04443508051996, -1.0, -0.071968, -0.04, -0.043996, -0.17506160320000003]",2.004373202793986,2.7555335694463166
"(1, 2, 3, -1, 3, nan, 2, -1, 3, 0, 0, 0)","[-0.04, -0.04, -0.071968, 1.0, -0.043996, 0.0, -0.0471896032, -1.0, -0.0443952004, -0.07548064415968, -0.10503837217209627, -0.8496933333799924]",1.6250921947871277,1.9406643456621668
"(0, 0, 2, -1, 2, nan, 0, -1, 1, 2, 0, 0)","[-0.04, -0.043996, -0.04, 1.0, -0.043996, 0.0, -0.04, -1.0, -0.0443952004, -0.04443508051996, -0.07640706454394401, -0.84683306574794]",2.18080447205593,2.907779305469183
"(0, 2, 2, -1, 3, nan, 1, -1, 3, 3, 0, 3)","[-0.04, -0.043996, -0.0443952004, 1.0, -0.04, 0.0, -0.07548064415968, -1.0, -0.043996, -0.0443952004, -0.10475921133237626, -0.8496654452121044]",0.6639557322689968,0.747858144212946
"(3, 2, 2, -1, 2, nan, 2, -1, 1, 1, 3, 0)","[-0.04, -0.043996, -0.0443952004, 1.0, -0.043996, 0.0, -0.04443508051996, -1.0, -0.0443952004, -0.04, -0.07950851635155204, -0.1399]",2.151248393208042,3.7887731609352846
"(1, 2, 2, -1, 1, nan, 3, -1, 1, 3, 1, 1)","[-0.04, -0.043996, -0.0443952004, 1.0, -0.04, 0.0, -0.04, -1.0, -0.043996, -0.07516160320000001, -0.043996, -0.8435952004]",0.6588697556647096,0.7444624035323507
"(2, 1, 0, -1, 3, nan, 0, -1, 3, 1, 3, 3)","[-0.04, -0.043996, -0.0443952004, 1.0, -0.043996, 0.0, -0.04443508051996, -1.0, -0.0443952004, -0.04, -0.07640706454394401, -0.20096452598352008]",0.0,-8.480337627787904e-16
"(3, 3, 3, -1, 3, nan, 3, -1, 2, 0, 1, 0)","[-0.04, -0.071968, -0.0471896032, 1.0, -0.043996, 0.0, -0.07771393087744, -1.0, -0.0443952004, -0.07548064415968, -0.047763621694656255, -0.1399]",1.6051202563497289,2.0684238735118425
"(2, 3, 0, -1, 2, nan, 2, -1, 1, 0, 1, 1)","[-0.04, -0.04, -0.04, 1.0, -0.043996, 0.0, -0.043996, -1.0, -0.04, -0.043996, -0.0795568036, -0.8471477246796402]",1.5460964763672183,2.113423866738766
"(1, 0, 2, -1, 1, nan, 3, -1, 3, 0, 3, 2)","[-0.04, -0.04, -0.043996, 1.0, -0.04, 0.0, -0.04, -1.0, -0.043996, -0.0443952004, -0.07947664415968, -0.20341773401241628]",0.6609888349727813,0.7535679060728763
"(1, 0, 0, -1, 0, nan, 2, -1, 1, 0, 1, 3)","[-0.04, -0.043996, -0.0443952004, 1.0, -0.043996, 0.0, -0.04443508051996, -1.0, -0.0443952004, -0.04443508051996, -0.044439064543944, -0.044439462547940005]",2.002417658302925,2.7787985468538468
"(2, 2, 2, -1, 1, nan, 1, -1, 1, 1, 1, 1)","[-0.04, -0.043996, -0.0443952004, 1.0, -0.071968, 0.0, -0.04, -1.0, -0.0471896032, -0.04471424135968, -0.07973162169465627, -0.1399]",1.6120715848033873,1.8678171918826754
"(0, 2, 3, -1, 0, nan, 3, -1, 2, 1, 3, 1)","[-0.04, -0.043996, -0.0443952004, 1.0, -0.043996, 0.0, -0.04443508051996, -1.0, -0.0443952004, -0.07548064415968, -0.10476319535636025, -0.22362674572880314]",0.4638969789826406,0.5239362297215543
"(0, 1, 1, -1, 1, nan, 1, -1, 0, 3, 1, 0)","[-0.04, -0.043996, -0.04, 1.0, -0.071968, 0.0, -0.043996, -1.0, -0.04, -0.071968, -0.0443952004, -0.17538064415968002]",0.6604531633810778,0.7521477000681882
"(3, 2, 3, -1, 0, nan, 3, -1, 0, 2, 2, 0)","[-0.04, -0.071968, -0.0975168256, 1.0, -0.043996, 0.0, -0.04974193087744, -1.0, -0.07516160320000001, -0.04, -0.07693721889465627, -0.8468860281675762]",1.8386313157860745,2.7944927182160697
"(0, 0, 1, -1, 1, nan, 0, -1, 1, 0, 0, 1)","[-0.04, -0.043996, -0.04, 1.0, -0.071968, 0.0, -0.043996, -1.0, -0.0975168256, -0.04974193087744, -0.04496921889465626, -0.8436924249675762]",2.2109962497793356,3.1848852870578424
"(1, 3, 1, -1, 3, nan, 1, -1, 1, 3, 0, 1)","[-0.04, -0.043996, -0.07516160320000001, 1.0, -0.043996, 0.0, -0.10006915327744001, -1.0, -0.0443952004, -0.04443508051996, -0.12441433184327408, -0.23933193400914468]",0.7815219614109725,0.7965094743192397
"(1, 1, 3, -1, 1, nan, 0, -1, 1, 3, 0, 3)","[-0.04, -0.04, -0.071968, 1.0, -0.043996, 0.0, -0.0471896032, -1.0, -0.0443952004, -0.04, -0.08170993087744, -0.20520257675725004]",1.2737438068263442,1.3158532874494326
"(2, 3, 1, -1, 2, nan, 2, -1, 3, 2, 1, 3)","[-0.04, -0.071968, -0.04, 1.0, -0.043996, 0.0, -0.071968, -1.0, -0.0443952004, -0.04, -0.1015128256, -0.1399]",0.0,-8.480337627787904e-16
"(3, 2, 1, -1, 2, nan, 2, -1, 1, 2, 1, 0)","[-0.04, -0.04, -0.071968, 1.0, -0.04, 0.0, -0.04, -1.0, -0.043996, -0.0443952004, -0.07947664415968, -0.1399]",0.975016250484417,1.599763179830778
"(2, 0, 1, -1, 2, nan, 0, -1, 3, 1, 1, 1)","[-0.04, -0.043996, -0.07516160320000001, 1.0, -0.04, 0.0, -0.04, -1.0, -0.043996, -0.0443952004, -0.07947664415968, -0.8471397167515521]",0.66416147540128,0.7469536476956501
"(2, 2, 3, -1, 1, nan, 2, -1, 1, 3, 3, 1)","[-0.04, -0.043996, -0.07516160320000001, 1.0, -0.04, 0.0, -0.10006915327744001, -1.0, -0.043996, -0.07516160320000001, -0.11006606168985628, -0.22786479650253316]",1.4257515161748913,1.8306161442240136
"(0, 1, 2, -1, 2, nan, 1, -1, 0, 1, 3, 1)","[-0.04, -0.043996, -0.04, 1.0, -0.043996, 0.0, -0.04, -1.0, -0.0443952004, -0.04, -0.043996, -0.17506160320000003]",0.4718509585239384,0.5644390134108657
"(1, 3, 2, -1, 0, nan, 1, -1, 3, 2, 1, 1)","[-0.04, -0.071968, -0.0471896032, 1.0, -0.04, 0.0, -0.04471424135968, -1.0, -0.071968, -0.0975168256, -0.044466952711832035, -0.17543798860729617]",1.4347722344332439,1.8199405218499218
"(3, 1, 1, -1, 1, nan, 0, -1, 2, 0, 3, 2)","[-0.04, -0.04, -0.043996, 1.0, -0.071968, 0.0, -0.0443952004, -1.0, -0.0471896032, -0.04471424135968, -0.08017070221461625, -0.20397242520992132]",1.556107836843411,2.6680410009655504
"(2, 2, 3, -1, 2, nan, 3, -1, 0, 0, 0, 2)","[-0.04, -0.071968, -0.0975168256, 1.0, -0.043996, 0.0, -0.11793544701952, -1.0, -0.04, -0.043996, -0.05178175115725005, -0.04517299694060928]",1.9035045096948864,2.218794453048871
"(0, 1, 2, -1, 2, nan, 3, -1, 0, 1, 1, 3)","[-0.04, -0.043996, -0.04, 1.0, -0.04, 0.0, -0.043996, -1.0, -0.071968, -0.0471896032, -0.07987584455968, -0.047979596871512036]",1.9496073558421714,2.3737654433169957
"(0, 3, 3, -1, 3, nan, 2, -1, 1, 2, 2, 2)","[-0.04, -0.071968, -0.0471896032, 1.0, -0.04, 0.0, -0.04471424135968, -1.0, -0.071968, -0.0975168256, -0.12240239973135203, -0.1399]",1.4251429248621554,1.832416618166269
"(3, 1, 1, -1, 0, nan, 1, -1, 1, 3, 1, 3)","[-0.04, -0.04, -0.04, 1.0, -0.043996, 0.0, -0.04, -1.0, -0.0443952004, -0.04443508051996, -0.044439064543944, -0.044439462547940005]",2.0009885686352504,2.3345412933325407
"(2, 0, 2, -1, 0, nan, 3, -1, 1, 1, 3, 3)","[-0.04, -0.071968, -0.0975168256, 1.0, -0.071968, 0.0, -0.04974193087744, -1.0, -0.0471896032, -0.04, -0.07693721889465627, -0.1399]",1.9956036631643947,2.692195816874386
"(2, 1, 3, -1, 3, nan, 3, -1, 1, 2, 1, 0)","[-0.04, -0.043996, -0.0443952004, 1.0, -0.071968, 0.0, -0.04443508051996, -1.0, -0.0471896032, -0.07771393087744, -0.044439064543944, -0.1399]",1.8850214204894093,2.269196405586245
"(3, 2, 0, -1, 0, nan, 2, -1, 0, 1, 1, 2)","[-0.04, -0.071968, -0.04, 1.0, -0.043996, 0.0, -0.043996, -1.0, -0.0443952004, -0.04443508051996, -0.07990771675155203, -0.8471827809034801]",1.457829866998734,1.869947206256232
"(2, 1, 2, -1, 2, nan, 2, -1, 2, 0, 3, 3)","[-0.04, -0.043996, -0.0443952004, 1.0, -0.071968, 0.0, -0.04, -1.0, -0.0975168256, -0.11793544701952, -0.13825000925800038, -0.053811175924874236]",1.7663497611120647,11.872847571546304
"(2, 0, 1, -1, 3, nan, 3, -1, 1, 0, 1, 1)","[-0.04, -0.071968, -0.0471896032, 1.0, -0.04, 0.0, -0.04, -1.0, -0.04, -0.043996, -0.043996, -0.1399]",2.0193203849699533,2.4265287262205364
"(2, 3, 0, -1, 0, nan, 2, -1, 2, 3, 2, 3)","[-0.04, -0.043996, -0.07516160320000001, 1.0, -0.043996, 0.0, -0.04750864415968, -1.0, -0.0443952004, -0.04443508051996, -0.08025862990310406, -0.2040426970185608]",1.4983944940025553,2.185376514558558
"(1, 2, 3, -1, 1, nan, 1, -1, 1, 0, 2, 0)","[-0.04, -0.04, -0.043996, 1.0, -0.071968, 0.0, -0.04, -1.0, -0.04, -0.04, -0.043996, -0.1399]",2.0828256647303474,2.641398203781388
"(3, 3, 2, -1, 2, nan, 3, -1, 3, 3, 2, 2)","[-0.04, -0.043996, -0.04, 1.0, -0.043996, 0.0, -0.043996, -1.0, -0.0443952004, -0.04443508051996, -0.044439064543944, -0.8436394625479401]",0.0,-8.480337627787904e-16
"(1, 3, 0, -1, 2, nan, 3, -1, 1, 0, 0, 2)","[-0.04, -0.04, -0.043996, 1.0, -0.04, 0.0, -0.0443952004, -1.0, -0.043996, -0.04, -0.043996, -0.0443952004]",0.43783235644309465,2.32224716564579
"(0, 3, 1, -1, 0, nan, 0, -1, 2, 1, 1, 0)","[-0.04, -0.04, -0.043996, 1.0, -0.04, 0.0, -0.0443952004, -1.0, -0.043996, -0.0443952004, -0.07991572467964, -0.047983580895496036]",0.6655304502376913,0.7454310306922385
"(1, 2, 2, -1, 1, nan, 2, -1, 2, 3, 2, 0)","[-0.04, -0.04, -0.071968, 1.0, -0.071968, 0.0, -0.0975168256, -1.0, -0.04, -0.071968, -0.10725875647743999, -0.8499151497720963]",0.657841120715056,0.749889398606216
"(1, 3, 1, -1, 3, nan, 2, -1, 3, 0, 2, 2)","[-0.04, -0.043996, -0.0443952004, 1.0, -0.043996, 0.0, -0.04, -1.0, -0.04, -0.04, -0.043996, -0.8435952004]",2.260893600883475,3.066554718561928
"(0, 0, 1, -1, 3, nan, 2, -1, 3, 1, 2, 3)","[-0.04, -0.04, -0.071968, 1.0, -0.043996, 0.0, -0.04, -1.0, -0.0443952004, -0.04443508051996, -0.044439064543944, -0.044439462547940005]",1.592265875559922,1.9904089146943686
"(1, 0, 3, -1, 3, nan, 1, -1, 0, 1, 2, 0)","[-0.04, -0.043996, -0.07516160320000001, 1.0, -0.043996, 0.0, -0.04, -1.0, -0.0443952004, -0.07548064415968, -0.047540516351552035, -0.1399]",1.8186045500808592,2.107742886579431
"(3, 0, 0, -1, 3, nan, 2, -1, 1, 2, 0, 1)","[-0.04, -0.043996, -0.04, 1.0, -0.043996, 0.0, -0.043996, -1.0, -0.07516160320000001, -0.10006915327744001, -0.04999690841241626, -0.8441946911504005]",1.425180402726112,2.154176379689178
"(1, 0, 2, -1, 1, nan, 2, -1, 1, 0, 2, 2)","[-0.04, -0.043996, -0.0443952004, 1.0, -0.043996, 0.0, -0.04, -1.0, -0.0443952004, -0.04443508051996, -0.07640706454394401, -0.20096452598352008]",1.6433790204630492,1.8509739958215674
"(0, 0, 1, -1, 0, nan, 0, -1, 3, 2, 2, 3)","[-0.04, -0.043996, -0.0443952004, 1.0, -0.043996, 0.0, -0.04, -1.0, -0.0443952004, -0.04443508051996, -0.044439064543944, -0.044439462547940005]",0.0,-8.480337627787904e-16
"(3, 0, 1, -1, 2, nan, 3, -1, 3, 3, 3, 1)","[-0.04, -0.043996, -0.07516160320000001, 1.0, -0.071968, 0.0, -0.10006915327744001, -1.0, -0.0471896032, -0.04471424135968, -0.044466952711832035, -0.1399]",1.5102705184128782,1.7881781641684402
"(0, 3, 0, -1, 1, nan, 2, -1, 1, 2, 2, 0)","[-0.04, -0.043996, -0.07516160320000001, 1.0, -0.04, 0.0, -0.04750864415968, -1.0, -0.043996, -0.04, -0.04474611355155203, -0.1756610939504004]",2.325823265368701,2.8189738833233813
"(3, 0, 3, -1, 3, nan, 0, -1, 2, 0, 3, 2)","[-0.04, -0.04, -0.043996, 1.0, -0.043996, 0.0, -0.04, -1.0, -0.0443952004, -0.04443508051996, -0.044439064543944, -0.8436394625479401]",1.034554107493723,1.118769333651706
"(3, 2, 1, -1, 3, nan, 1, -1, 0, 1, 3, 1)","[-0.04, -0.043996, -0.04, 1.0, -0.043996, 0.0, -0.071968, -1.0, -0.04, -0.043996, -0.0471896032, -0.04471424135968]",1.9310997636313274,2.231085081172854
"(0, 2, 2, -1, 2, nan, 1, -1, 2, 1, 3, 1)","[-0.04, -0.043996, -0.07516160320000001, 1.0, -0.043996, 0.0, -0.04750864415968, -1.0, -0.07516160320000001, -0.10006915327744001, -0.04474611355155203, -0.1756610939504004]",1.519476921614841,2.497150355745909
"(1, 3, 0, -1, 2, nan, 0, -1, 0, 1, 0, 1)","[-0.04, -0.043996, -0.0443952004, 1.0, -0.04, 0.0, -0.04443508051996, -1.0, -0.04, -0.071968, -0.044439064543944, -0.17541570038352006]",0.6602781654463377,0.7485269245529522
"(1, 1, 2, -1, 2, nan, 3, -1, 3, 3, 1, 0)","[-0.04, -0.04, -0.043996, 1.0, -0.04, 0.0, -0.07516160320000001, -1.0, -0.071968, -0.0975168256, -0.10981108415488, -0.22766101845658013]",1.4329668617280535,1.820648718766023
"(1, 0, 1, -1, 3, nan, 3, -1, 3, 3, 2, 2)","[-0.04, -0.071968, -0.0471896032, 1.0, -0.04, 0.0, -0.04471424135968, -1.0, -0.043996, -0.04, -0.07643495271183204, -0.8468358517759121]",2.0392660315657576,2.662759984374169
"(0, 0, 0, -1, 3, nan, 3, -1, 1, 1, 2, 0)","[-0.04, -0.043996, -0.07516160320000001, 1.0, -0.043996, 0.0, -0.04750864415968, -1.0, -0.0443952004, -0.04, -0.043996, -0.0443952004]",0.7498083450898129,0.962403807323404
"(1, 0, 2, -1, 3, nan, 1, -1, 2, 0, 0, 3)","[-0.04, -0.043996, -0.0443952004, 1.0, -0.043996, 0.0, -0.04443508051996, -1.0, -0.0443952004, -0.07548064415968, -0.047540516351552035, -0.8439492975835201]",1.704183231577202,1.8439071203761443
"(3, 2, 1, -1, 1, nan, 3, -1, 3, 3, 3, 0)","[-0.04, -0.043996, -0.0443952004, 1.0, -0.043996, 0.0, -0.04443508051996, -1.0, -0.04, -0.043996, -0.07990771675155203, -0.1399]",1.7211519473194374,2.041745935674862
"(2, 1, 0, -1, 3, nan, 0, -1, 1, 0, 1, 0)","[-0.04, -0.043996, -0.07516160320000001, 1.0, -0.043996, 0.0, -0.04750864415968, -1.0, -0.0443952004, -0.04, -0.04474611355155203, -0.8436701367438002]",1.2375665938055262,1.7150699377034933
"(2, 1, 3, -1, 2, nan, 1, -1, 3, 1, 3, 0)","[-0.04, -0.071968, -0.0471896032, 1.0, -0.043996, 0.0, -0.07771393087744, -1.0, -0.0443952004, -0.04443508051996, -0.08327613804620829, -0.8475192861908163]",1.4597319017328307,1.8830067199756741
"(0, 2, 1, -1, 0, nan, 0, -1, 2, 1, 0, 0)","[-0.04, -0.071968, -0.04, 1.0, -0.04, 0.0, -0.043996, -1.0, -0.043996, -0.07516160320000001, -0.0443952004, -0.8436350805199602]",1.4192635629578336,1.8394384590042578
"(1, 1, 2, -1, 1, nan, 0, -1, 2, 3, 3, 2)","[-0.04, -0.043996, -0.07516160320000001, 1.0, -0.071968, 0.0, -0.10006915327744001, -1.0, -0.04, -0.071968, -0.12716487049933006, -0.8519037705628831]",0.6570743799502378,0.7485167090052418
"(2, 1, 3, -1, 0, nan, 1, -1, 0, 2, 3, 0)","[-0.04, -0.071968, -0.0471896032, 1.0, -0.043996, 0.0, -0.07771393087744, -1.0, -0.04, -0.04, -0.047763621694656255, -0.04477158580729616]",2.0879475685435,2.2761957271043927
"(2, 3, 2, -1, 0, nan, 1, -1, 3, 2, 1, 2)","[-0.04, -0.071968, -0.04, 1.0, -0.071968, 0.0, -0.043996, -1.0, -0.0975168256, -0.04974193087744, -0.0443952004, -0.8436350805199602]",1.7595252567894983,3.6757090875840186
"(3, 2, 1, -1, 0, nan, 2, -1, 0, 1, 3, 0)","[-0.04, -0.04, -0.043996, 1.0, -0.071968, 0.0, -0.0443952004, -1.0, -0.0471896032, -0.04471424135968, -0.08017070221461625, -0.04800905315124017]",1.544226672004183,2.418124734675476
"(0, 3, 3, -1, 2, nan, 3, -1, 3, 3, 0, 0)","[-0.04, -0.043996, -0.07516160320000001, 1.0, -0.071968, 0.0, -0.04, -1.0, -0.0975168256, -0.11793544701952, -0.043996, -0.8435952004]",1.1194949620962975,11.539466980661295
"(3, 1, 2, -1, 1, nan, 3, -1, 2, 0, 1, 0)","[-0.04, -0.04, -0.04, 1.0, -0.04, 0.0, -0.043996, -1.0, -0.043996, -0.04, -0.07915760320000001, -0.84710784455968]",1.252426047316096,2.880832801071654
"(0, 0, 3, -1, 1, nan, 1, -1, 0, 2, 2, 1)","[-0.04, -0.071968, -0.0471896032, 1.0, -0.043996, 0.0, -0.04471424135968, -1.0, -0.04, -0.043996, -0.07962855591183204, -0.8471548927355922]",1.5420649438754348,2.104175244677993
